name,phone,email,address,postal,region,country
Ignatius Vasquez,1-462-343-7413,taciti.sociosqu.ad@hotmail.ca,Ap #826-8657 Vivamus St.,59214,Quebec,Pakistan
Iris Avery,(574) 922-8888,sagittis.felis@google.couk,Ap #261-5160 Pede. St.,6135,Akwa Ibom,Ukraine
Norman Herring,(437) 769-9714,ut@yahoo.net,"Ap #602-6901 Quis, Ave",833898,Västra Götalands län,Mexico
Quamar Trevino,(241) 984-7457,nisi@yahoo.net,Ap #827-3093 Morbi St.,773204,Pernambuco,Mexico
Kirsten Sosa,(105) 976-3401,urna.ut@google.edu,"Ap #342-719 Nec, Street",21524,Rio Grande do Sul,Belgium
Buckminster Mcguire,(996) 445-3532,ac.eleifend@hotmail.org,1284 Elementum Ave,566761,Limburg,Singapore
Zachary Fox,1-537-887-5433,id@protonmail.net,5129 Ante Ave,318321,Western Australia,Belgium
Dale Ortega,(566) 323-8935,nam.porttitor@yahoo.com,Ap #579-8376 Integer Rd.,88033-537,Małopolskie,Brazil
Aristotle Slater,(314) 518-6542,aliquam.fringilla@aol.couk,"Ap #878-8538 Enim, Av.",72863,Newfoundland and Labrador,United States
Karina Kirkland,1-209-242-5711,ornare.sagittis.felis@icloud.net,957-1311 Lectus Street,19743,Luik,Turkey
Austin Barlow,(797) 482-3967,curabitur.consequat@google.net,780-8753 Neque Road,73-16,Aquitaine,Peru
Flynn Baxter,1-247-131-4227,scelerisque.scelerisque.dui@outlook.ca,3202 Fringilla Avenue,6445,Lubuskie,Italy
Willow Walter,1-419-582-2338,lorem.vitae@aol.couk,639-8791 Vulputate Road,625277,Córdoba,Costa Rica
Ashely Mcdowell,1-216-654-5538,egestas.nunc.sed@google.com,"P.O. Box 838, 5156 Et, St.",8875,Puglia,Sweden
Declan Goodman,1-326-471-6100,hendrerit.donec@protonmail.net,Ap #521-6517 Donec Av.,25312,Orkney,Singapore
Blythe Mays,1-248-685-1518,volutpat@aol.edu,"P.O. Box 290, 4421 At, Ave",8123 QK,Oslo,Vietnam
Zephania Jefferson,1-436-281-2813,magna.et.ipsum@yahoo.ca,9128 Facilisis Av.,1991 XW,Stockholms län,United States
Glenna Romero,(325) 319-8389,quam.vel.sapien@aol.ca,9603 Sit Ave,5370,Berlin,Netherlands
Zane Maxwell,1-857-321-4298,eu.eleifend@icloud.ca,422-185 Facilisis Road,7065,Upper Austria,Canada
Jael Francis,1-376-334-2411,rutrum.fusce@outlook.edu,677-5062 Eu Road,633147,Emilia-Romagna,Singapore
Zahir Carroll,(170) 914-2104,nec.mollis.vitae@icloud.ca,"P.O. Box 119, 839 Egestas Road",6553,Utrecht,Peru
Aquila Schultz,(784) 676-7312,vitae.erat@yahoo.net,Ap #739-4353 Nisi Av.,89823-273,Bicol Region,Pakistan
Roth Dotson,(562) 349-8374,eu.eleifend.nec@outlook.org,298-8129 Dolor Av.,8836,La Libertad,Germany
Samuel Chapman,(971) 328-9373,aliquam@outlook.ca,642 Curabitur Rd.,I6V 2Y2,Queensland,United Kingdom
Wade Oliver,(711) 231-9388,justo@protonmail.com,111-8555 Felis. Rd.,248674,Sinaloa,Nigeria
Ulla Cooley,1-624-221-7162,lorem.eget@aol.edu,4584 Nunc St.,Q1A 5QO,Vermont,Turkey
Lisandra Williamson,(552) 147-3376,elit.fermentum@google.org,Ap #213-8892 Ultrices Avenue,747473,Cusco,Turkey
Aurora Ashley,(531) 815-6269,cum.sociis@hotmail.net,1072 Habitant Rd.,2626,Sachsen,Mexico
Adam Rosa,(984) 202-2653,mauris@outlook.org,469-6164 Mauris Ave,50103,Friesland,Austria
Wing Underwood,(416) 627-4474,lectus.ante.dictum@yahoo.com,580-5918 Curabitur Ave,67115,KwaZulu-Natal,France
Mark Tillman,(360) 557-7562,neque.sed.eget@icloud.com,Ap #237-930 Dis Rd.,7859,Nordland,Germany
Aileen Tillman,1-571-706-3771,augue.id@google.ca,684-4632 Ac Av.,85933,Rio Grande do Sul,United Kingdom
Dylan Colon,(124) 598-5215,amet.ultricies.sem@icloud.couk,564-553 Volutpat. St.,68584,Kherson oblast,France
Maia Kline,(274) 346-2771,elementum.lorem.ut@protonmail.net,Ap #529-4519 Nec Avenue,6777,Upper Austria,France
Rachel Jordan,(954) 273-0321,ultrices.a@icloud.net,6260 Dis Av.,193576,Selkirkshire,China
Acton Roberson,(287) 104-3968,metus.in@icloud.edu,"P.O. Box 305, 784 Ornare. Road",10635,Huáběi,United States
Griffin Mccall,1-625-837-6051,eu.eros@protonmail.ca,"8069 Felis, Av.",4351,Bihar,France
Vladimir Hendricks,1-640-448-2824,eu.euismod.ac@hotmail.net,3383 Sem Street,21773,Friesland,Singapore
Macon Mays,(642) 848-3326,sit.amet.risus@outlook.ca,815-5841 Sociis Av.,238172,Ogun,Ukraine
Olivia Murphy,1-523-138-3359,faucibus@yahoo.edu,223-1558 Aliquam Rd.,67581-325,Toscana,Turkey
Daria King,(520) 444-6070,libero@hotmail.couk,4308 Feugiat St.,9847,Castilla y León,Germany
Selma Jefferson,1-211-992-3661,urna@google.com,9581 Tincidunt Rd.,76233-49917,Western Cape,South Africa
Samuel Christensen,(358) 253-9342,adipiscing.enim@protonmail.edu,Ap #329-3377 Imperdiet St.,2869,Nairnshire,South Africa
Adena Levy,1-165-957-8573,dignissim.magna@hotmail.edu,Ap #354-7610 Nulla St.,260654,Tabasco,Ireland
William Edwards,(898) 811-8709,quis.turpis.vitae@google.com,7543 Aenean Road,547753,Cundinamarca,Austria
Signe Mendoza,(160) 993-6184,ornare.facilisis.eget@yahoo.ca,Ap #448-3083 Sociosqu Road,198486,Abruzzo,Costa Rica
Janna Giles,1-114-262-2575,amet.risus@yahoo.org,"P.O. Box 419, 4704 Quisque Road",2425,Yucatán,Austria
Xyla Moore,(943) 999-0924,urna@protonmail.org,"P.O. Box 190, 8693 Magna Avenue",31508,Puntarenas,Chile
Ignacia Greene,(768) 527-1832,mauris@aol.ca,"P.O. Box 467, 1296 Adipiscing. Road",937264,Yucatán,Italy
Giselle Navarro,(845) 256-5816,morbi@outlook.org,"975-3600 Elit, St.",50203,Gilgit Baltistan,Nigeria
Robin Gardner,(354) 851-8813,massa@hotmail.ca,"P.O. Box 971, 9962 Morbi Ave",4038 UB,Boyacá,Colombia
Declan Mccullough,1-834-263-1617,ac.urna.ut@protonmail.edu,Ap #785-5987 Vivamus Av.,83132,Sindh,United States
Craig Whitley,(288) 738-5240,non.bibendum@outlook.couk,3313 Mi Rd.,71727,Basilicata,Russian Federation
Hadassah Greene,(448) 561-8281,tellus@google.edu,"966-8080 Et, Street",5113,Central Sulawesi,United States
Britanney Carey,1-675-382-4937,praesent.eu@icloud.com,8339 Fusce Road,2303,West Java,South Korea
Ashely Hurley,1-897-356-6936,eleifend.nunc@outlook.net,"P.O. Box 649, 1976 Nunc, Street",8622,Gyeonggi,Turkey
Mercedes Rogers,(341) 462-7222,consectetuer@outlook.edu,512-4932 Rutrum Ave,447396,Northern Mindanao,Colombia
Harding Herring,1-648-902-4464,aliquam.erat.volutpat@aol.edu,896-9155 Ultrices Road,503341,Eastern Cape,Netherlands
Hayden Maddox,(943) 628-3584,gravida.molestie.arcu@aol.org,206 Tempus St.,366377,Delhi,Ireland
Ariana Farley,1-377-268-2259,non@google.com,916-5467 Iaculis Rd.,6375,Huádōng,New Zealand
